{"name":"root","children":[{"name":"lib","children":[{"name":"Doctrine","children":[{"name":"ORM","children":[{"name":"Query","children":[{"name":"Parser.php","size":1824,"language":"PHP"},{"name":"SqlWalker.php","size":1275,"language":"PHP"},{"name":"TreeWalkerChain.php","size":311,"language":"PHP"},{"name":"ResultSetMappingBuilder.php","size":219,"language":"PHP"},{"name":"Expr.php","size":193,"language":"PHP"},{"name":"TreeWalkerAdapter.php","size":179,"language":"PHP"},{"name":"ResultSetMapping.php","size":151,"language":"PHP"},{"name":"Lexer.php","size":140,"language":"PHP"},{"name":"QueryException.php","size":112,"language":"PHP"},{"name":"Exec","children":[{"name":"MultiTableUpdateExecutor.php","size":109,"language":"PHP"},{"name":"MultiTableDeleteExecutor.php","size":65,"language":"PHP"},{"name":"SingleTableDeleteUpdateExecutor.php","size":19,"language":"PHP"},{"name":"AbstractSqlExecutor.php","size":18,"language":"PHP"},{"name":"SingleSelectExecutor.php","size":16,"language":"PHP"}],"size":227},{"name":"QueryExpressionVisitor.php","size":93,"language":"PHP"},{"name":"FilterCollection.php","size":72,"language":"PHP"},{"name":"AST","children":[{"name":"Functions","children":[{"name":"SizeFunction.php","size":60,"language":"PHP"},{"name":"IdentityFunction.php","size":54,"language":"PHP"},{"name":"TrimFunction.php","size":53,"language":"PHP"},{"name":"DateAddFunction.php","size":42,"language":"PHP"},{"name":"SubstringFunction.php","size":35,"language":"PHP"},{"name":"LocateFunction.php","size":34,"language":"PHP"},{"name":"DateDiffFunction.php","size":26,"language":"PHP"},{"name":"DateSubFunction.php","size":26,"language":"PHP"},{"name":"BitOrFunction.php","size":25,"language":"PHP"},{"name":"ConcatFunction.php","size":25,"language":"PHP"},{"name":"BitAndFunction.php","size":25,"language":"PHP"},{"name":"ModFunction.php","size":24,"language":"PHP"},{"name":"UpperFunction.php","size":20,"language":"PHP"},{"name":"LengthFunction.php","size":20,"language":"PHP"},{"name":"LowerFunction.php","size":20,"language":"PHP"},{"name":"SqrtFunction.php","size":20,"language":"PHP"},{"name":"AbsFunction.php","size":20,"language":"PHP"},{"name":"FunctionNode.php","size":17,"language":"PHP"},{"name":"CurrentTimeFunction.php","size":16,"language":"PHP"},{"name":"CurrentTimestampFunction.php","size":16,"language":"PHP"},{"name":"CurrentDateFunction.php","size":16,"language":"PHP"}],"size":594},{"name":"Node.php","size":45,"language":"PHP"},{"name":"QuantifiedExpression.php","size":27,"language":"PHP"},{"name":"ArithmeticFactor.php","size":24,"language":"PHP"},{"name":"OrderByItem.php","size":23,"language":"PHP"},{"name":"PathExpression.php","size":22,"language":"PHP"},{"name":"SelectStatement.php","size":20,"language":"PHP"},{"name":"InputParameter.php","size":20,"language":"PHP"},{"name":"Subselect.php","size":20,"language":"PHP"},{"name":"Join.php","size":20,"language":"PHP"},{"name":"ConditionalPrimary.php","size":19,"language":"PHP"},{"name":"BetweenExpression.php","size":19,"language":"PHP"},{"name":"Literal.php","size":19,"language":"PHP"},{"name":"ArithmeticExpression.php","size":19,"language":"PHP"},{"name":"LikeExpression.php","size":19,"language":"PHP"},{"name":"AggregateExpression.php","size":18,"language":"PHP"},{"name":"ComparisonExpression.php","size":18,"language":"PHP"},{"name":"SelectExpression.php","size":18,"language":"PHP"},{"name":"SimpleCaseExpression.php","size":18,"language":"PHP"},{"name":"IdentificationVariableDeclaration.php","size":18,"language":"PHP"},{"name":"JoinAssociationDeclaration.php","size":18,"language":"PHP"},{"name":"UpdateClause.php","size":17,"language":"PHP"},{"name":"InExpression.php","size":17,"language":"PHP"},{"name":"CollectionMemberExpression.php","size":17,"language":"PHP"},{"name":"WhenClause.php","size":16,"language":"PHP"},{"name":"GeneralCaseExpression.php","size":16,"language":"PHP"},{"name":"JoinClassPathExpression.php","size":16,"language":"PHP"},{"name":"SimpleWhenClause.php","size":16,"language":"PHP"},{"name":"SelectClause.php","size":16,"language":"PHP"},{"name":"RangeVariableDeclaration.php","size":16,"language":"PHP"},{"name":"UpdateItem.php","size":16,"language":"PHP"},{"name":"NewObjectExpression.php","size":16,"language":"PHP"},{"name":"JoinAssociationPathExpression.php","size":16,"language":"PHP"},{"name":"InstanceOfExpression.php","size":16,"language":"PHP"},{"name":"SimpleSelectClause.php","size":16,"language":"PHP"},{"name":"NullIfExpression.php","size":16,"language":"PHP"},{"name":"UpdateStatement.php","size":15,"language":"PHP"},{"name":"ExistsExpression.php","size":15,"language":"PHP"},{"name":"DeleteClause.php","size":15,"language":"PHP"},{"name":"NullComparisonExpression.php","size":15,"language":"PHP"},{"name":"ConditionalFactor.php","size":15,"language":"PHP"},{"name":"DeleteStatement.php","size":15,"language":"PHP"},{"name":"EmptyCollectionComparisonExpression.php","size":15,"language":"PHP"},{"name":"SimpleSelectExpression.php","size":15,"language":"PHP"},{"name":"ArithmeticTerm.php","size":14,"language":"PHP"},{"name":"WhereClause.php","size":14,"language":"PHP"},{"name":"GroupByClause.php","size":14,"language":"PHP"},{"name":"ConditionalTerm.php","size":14,"language":"PHP"},{"name":"CoalesceExpression.php","size":14,"language":"PHP"},{"name":"IndexBy.php","size":14,"language":"PHP"},{"name":"SimpleArithmeticExpression.php","size":14,"language":"PHP"},{"name":"OrderByClause.php","size":14,"language":"PHP"},{"name":"FromClause.php","size":14,"language":"PHP"},{"name":"ConditionalExpression.php","size":14,"language":"PHP"},{"name":"HavingClause.php","size":14,"language":"PHP"},{"name":"SubselectFromClause.php","size":14,"language":"PHP"},{"name":"PartialObjectExpression.php","size":12,"language":"PHP"},{"name":"ASTException.php","size":10,"language":"PHP"}],"size":1571},{"name":"TreeWalker.php","size":55,"language":"PHP"},{"name":"Expr","children":[{"name":"Join.php","size":55,"language":"PHP"},{"name":"Base.php","size":45,"language":"PHP"},{"name":"Math.php","size":38,"language":"PHP"},{"name":"Comparison.php","size":36,"language":"PHP"},{"name":"OrderBy.php","size":33,"language":"PHP"},{"name":"From.php","size":31,"language":"PHP"},{"name":"Composite.php","size":27,"language":"PHP"},{"name":"Func.php","size":24,"language":"PHP"},{"name":"Orx.php","size":16,"language":"PHP"},{"name":"Andx.php","size":16,"language":"PHP"},{"name":"Select.php","size":14,"language":"PHP"},{"name":"GroupBy.php","size":11,"language":"PHP"},{"name":"Literal.php","size":11,"language":"PHP"}],"size":357},{"name":"ParserResult.php","size":40,"language":"PHP"},{"name":"Filter","children":[{"name":"SQLFilter.php","size":36,"language":"PHP"}],"size":36},{"name":"Parameter.php","size":30,"language":"PHP"},{"name":"Printer.php","size":27,"language":"PHP"},{"name":"ParameterTypeInferer.php","size":25,"language":"PHP"}],"size":6937},{"name":"UnitOfWork.php","size":1627,"language":"PHP"},{"name":"Mapping","children":[{"name":"ClassMetadataInfo.php","size":1259,"language":"PHP"},{"name":"Driver","children":[{"name":"XmlDriver.php","size":527,"language":"PHP"},{"name":"YamlDriver.php","size":501,"language":"PHP"},{"name":"AnnotationDriver.php","size":414,"language":"PHP"},{"name":"DatabaseDriver.php","size":249,"language":"PHP"},{"name":"DoctrineAnnotations.php","size":49,"language":"PHP"},{"name":"SimplifiedXmlDriver.php","size":12,"language":"PHP"},{"name":"SimplifiedYamlDriver.php","size":12,"language":"PHP"},{"name":"DriverChain.php","size":6,"language":"PHP"},{"name":"StaticPHPDriver.php","size":6,"language":"PHP"},{"name":"PHPDriver.php","size":6,"language":"PHP"}],"size":1782},{"name":"ClassMetadataFactory.php","size":329,"language":"PHP"},{"name":"MappingException.php","size":304,"language":"PHP"},{"name":"Builder","children":[{"name":"ClassMetadataBuilder.php","size":202,"language":"PHP"},{"name":"AssociationBuilder.php","size":99,"language":"PHP"},{"name":"FieldBuilder.php","size":89,"language":"PHP"},{"name":"ManyToManyAssociationBuilder.php","size":41,"language":"PHP"},{"name":"EntityListenerBuilder.php","size":31,"language":"PHP"},{"name":"OneToManyAssociationBuilder.php","size":25,"language":"PHP"}],"size":487},{"name":"DefaultQuoteStrategy.php","size":72,"language":"PHP"},{"name":"UnderscoreNamingStrategy.php","size":54,"language":"PHP"},{"name":"DefaultNamingStrategy.php","size":34,"language":"PHP"},{"name":"DefaultEntityListenerResolver.php","size":30,"language":"PHP"},{"name":"QuoteStrategy.php","size":15,"language":"PHP"},{"name":"Column.php","size":14,"language":"PHP"},{"name":"JoinColumn.php","size":12,"language":"PHP"},{"name":"ManyToMany.php","size":12,"language":"PHP"},{"name":"OneToMany.php","size":11,"language":"PHP"},{"name":"OneToOne.php","size":11,"language":"PHP"},{"name":"NamingStrategy.php","size":11,"language":"PHP"},{"name":"DiscriminatorColumn.php","size":10,"language":"PHP"},{"name":"Table.php","size":10,"language":"PHP"},{"name":"JoinTable.php","size":9,"language":"PHP"},{"name":"ManyToOne.php","size":9,"language":"PHP"},{"name":"NamedNativeQuery.php","size":9,"language":"PHP"},{"name":"EntityResult.php","size":8,"language":"PHP"},{"name":"EntityListenerResolver.php","size":8,"language":"PHP"},{"name":"AssociationOverride.php","size":8,"language":"PHP"},{"name":"SequenceGenerator.php","size":8,"language":"PHP"},{"name":"SqlResultSetMapping.php","size":8,"language":"PHP"},{"name":"Entity.php","size":7,"language":"PHP"},{"name":"Index.php","size":7,"language":"PHP"},{"name":"AttributeOverride.php","size":7,"language":"PHP"},{"name":"NamedQuery.php","size":7,"language":"PHP"},{"name":"FieldResult.php","size":7,"language":"PHP"},{"name":"UniqueConstraint.php","size":7,"language":"PHP"},{"name":"AssociationOverrides.php","size":6,"language":"PHP"},{"name":"JoinColumns.php","size":6,"language":"PHP"},{"name":"GeneratedValue.php","size":6,"language":"PHP"},{"name":"NamedQueries.php","size":6,"language":"PHP"},{"name":"AttributeOverrides.php","size":6,"language":"PHP"},{"name":"SqlResultSetMappings.php","size":6,"language":"PHP"},{"name":"DiscriminatorMap.php","size":6,"language":"PHP"},{"name":"ColumnResult.php","size":6,"language":"PHP"},{"name":"ChangeTrackingPolicy.php","size":6,"language":"PHP"},{"name":"MappedSuperclass.php","size":6,"language":"PHP"},{"name":"ElementCollection.php","size":6,"language":"PHP"},{"name":"InheritanceType.php","size":6,"language":"PHP"},{"name":"NamedNativeQueries.php","size":6,"language":"PHP"},{"name":"OrderBy.php","size":6,"language":"PHP"},{"name":"CustomIdGenerator.php","size":6,"language":"PHP"},{"name":"EntityListeners.php","size":6,"language":"PHP"},{"name":"ClassMetadata.php","size":5,"language":"PHP"},{"name":"PrePersist.php","size":5,"language":"PHP"},{"name":"PostUpdate.php","size":5,"language":"PHP"},{"name":"Annotation.php","size":5,"language":"PHP"},{"name":"PostPersist.php","size":5,"language":"PHP"},{"name":"HasLifecycleCallbacks.php","size":5,"language":"PHP"},{"name":"Id.php","size":5,"language":"PHP"},{"name":"PreFlush.php","size":5,"language":"PHP"},{"name":"Version.php","size":5,"language":"PHP"},{"name":"PostLoad.php","size":5,"language":"PHP"},{"name":"PreUpdate.php","size":5,"language":"PHP"},{"name":"PreRemove.php","size":5,"language":"PHP"},{"name":"PostRemove.php","size":5,"language":"PHP"}],"size":4727},{"name":"Persisters","children":[{"name":"BasicEntityPersister.php","size":970,"language":"PHP"},{"name":"JoinedSubclassPersister.php","size":336,"language":"PHP"},{"name":"ManyToManyPersister.php","size":248,"language":"PHP"},{"name":"OneToManyPersister.php","size":104,"language":"PHP"},{"name":"SingleTablePersister.php","size":93,"language":"PHP"},{"name":"AbstractCollectionPersister.php","size":89,"language":"PHP"},{"name":"SqlExpressionVisitor.php","size":39,"language":"PHP"},{"name":"AbstractEntityInheritancePersister.php","size":36,"language":"PHP"},{"name":"SqlValueVisitor.php","size":32,"language":"PHP"},{"name":"UnionSubclassPersister.php","size":5,"language":"PHP"},{"name":"ElementCollectionPersister.php","size":5,"language":"PHP"}],"size":1957},{"name":"Tools","children":[{"name":"EntityGenerator.php","size":638,"language":"PHP"},{"name":"SchemaTool.php","size":455,"language":"PHP"},{"name":"Export","children":[{"name":"Driver","children":[{"name":"XmlExporter.php","size":268,"language":"PHP"},{"name":"YamlExporter.php","size":139,"language":"PHP"},{"name":"PhpExporter.php","size":115,"language":"PHP"},{"name":"AbstractExporter.php","size":96,"language":"PHP"},{"name":"AnnotationExporter.php","size":28,"language":"PHP"}],"size":646},{"name":"ClassMetadataExporter.php","size":25,"language":"PHP"},{"name":"ExportException.php","size":18,"language":"PHP"}],"size":689},{"name":"ConvertDoctrine1Schema.php","size":192,"language":"PHP"},{"name":"SchemaValidator.php","size":178,"language":"PHP"},{"name":"Console","children":[{"name":"Command","children":[{"name":"ConvertDoctrine1SchemaCommand.php","size":133,"language":"PHP"},{"name":"ConvertMappingCommand.php","size":129,"language":"PHP"},{"name":"GenerateEntitiesCommand.php","size":109,"language":"PHP"},{"name":"SchemaTool","children":[{"name":"UpdateCommand.php","size":85,"language":"PHP"},{"name":"DropCommand.php","size":73,"language":"PHP"},{"name":"CreateCommand.php","size":41,"language":"PHP"},{"name":"AbstractCommand.php","size":23,"language":"PHP"}],"size":222},{"name":"RunDqlCommand.php","size":74,"language":"PHP"},{"name":"GenerateRepositoriesCommand.php","size":68,"language":"PHP"},{"name":"GenerateProxiesCommand.php","size":65,"language":"PHP"},{"name":"ClearCache","children":[{"name":"ResultCommand.php","size":54,"language":"PHP"},{"name":"QueryCommand.php","size":54,"language":"PHP"},{"name":"MetadataCommand.php","size":54,"language":"PHP"}],"size":162},{"name":"InfoCommand.php","size":48,"language":"PHP"},{"name":"ValidateSchemaCommand.php","size":45,"language":"PHP"},{"name":"EnsureProductionSettingsCommand.php","size":39,"language":"PHP"}],"size":1094},{"name":"ConsoleRunner.php","size":39,"language":"PHP"},{"name":"MetadataFilter.php","size":34,"language":"PHP"},{"name":"Helper","children":[{"name":"EntityManagerHelper.php","size":20,"language":"PHP"}],"size":20}],"size":1187},{"name":"Pagination","children":[{"name":"Paginator.php","size":112,"language":"PHP"},{"name":"LimitSubqueryOutputWalker.php","size":98,"language":"PHP"},{"name":"WhereInWalker.php","size":89,"language":"PHP"},{"name":"LimitSubqueryWalker.php","size":62,"language":"PHP"},{"name":"CountOutputWalker.php","size":57,"language":"PHP"},{"name":"CountWalker.php","size":50,"language":"PHP"}],"size":468},{"name":"DebugUnitOfWorkListener.php","size":102,"language":"PHP"},{"name":"Setup.php","size":73,"language":"PHP"},{"name":"ResolveTargetEntityListener.php","size":43,"language":"PHP"},{"name":"EntityRepositoryGenerator.php","size":40,"language":"PHP"},{"name":"Event","children":[{"name":"GenerateSchemaTableEventArgs.php","size":30,"language":"PHP"},{"name":"GenerateSchemaEventArgs.php","size":23,"language":"PHP"}],"size":53},{"name":"ToolsException.php","size":14,"language":"PHP"},{"name":"DisconnectedClassMetadataFactory.php","size":11,"language":"PHP"},{"name":"ToolEvents.php","size":7,"language":"PHP"}],"size":4150},{"name":"QueryBuilder.php","size":491,"language":"PHP"},{"name":"PersistentCollection.php","size":391,"language":"PHP"},{"name":"EntityManager.php","size":390,"language":"PHP"},{"name":"Internal","children":[{"name":"Hydration","children":[{"name":"ObjectHydrator.php","size":354,"language":"PHP"},{"name":"AbstractHydrator.php","size":206,"language":"PHP"},{"name":"ArrayHydrator.php","size":176,"language":"PHP"},{"name":"SimpleObjectHydrator.php","size":103,"language":"PHP"},{"name":"IterableResult.php","size":40,"language":"PHP"},{"name":"HydrationException.php","size":36,"language":"PHP"},{"name":"SingleScalarHydrator.php","size":21,"language":"PHP"},{"name":"ScalarHydrator.php","size":18,"language":"PHP"}],"size":954},{"name":"CommitOrderCalculator.php","size":60,"language":"PHP"}],"size":1014},{"name":"AbstractQuery.php","size":342,"language":"PHP"},{"name":"Configuration.php","size":301,"language":"PHP"},{"name":"Query.php","size":242,"language":"PHP"},{"name":"EntityRepository.php","size":122,"language":"PHP"},{"name":"ORMException.php","size":117,"language":"PHP"},{"name":"Proxy","children":[{"name":"ProxyFactory.php","size":105,"language":"PHP"},{"name":"Autoloader.php","size":6,"language":"PHP"},{"name":"Proxy.php","size":6,"language":"PHP"}],"size":117},{"name":"ORMInvalidArgumentException.php","size":82,"language":"PHP"},{"name":"Event","children":[{"name":"ListenersInvoker.php","size":52,"language":"PHP"},{"name":"PreUpdateEventArgs.php","size":46,"language":"PHP"},{"name":"OnClearEventArgs.php","size":25,"language":"PHP"},{"name":"OnFlushEventArgs.php","size":16,"language":"PHP"},{"name":"PreFlushEventArgs.php","size":16,"language":"PHP"},{"name":"PostFlushEventArgs.php","size":16,"language":"PHP"},{"name":"LifecycleEventArgs.php","size":15,"language":"PHP"},{"name":"LoadClassMetadataEventArgs.php","size":13,"language":"PHP"}],"size":199},{"name":"Id","children":[{"name":"SequenceGenerator.php","size":47,"language":"PHP"},{"name":"TableGenerator.php","size":39,"language":"PHP"},{"name":"AssignedGenerator.php","size":27,"language":"PHP"},{"name":"IdentityGenerator.php","size":19,"language":"PHP"},{"name":"BigIntegerIdentityGenerator.php","size":19,"language":"PHP"},{"name":"UuidGenerator.php","size":12,"language":"PHP"},{"name":"AbstractIdGenerator.php","size":11,"language":"PHP"}],"size":174},{"name":"NativeQuery.php","size":38,"language":"PHP"},{"name":"OptimisticLockException.php","size":27,"language":"PHP"},{"name":"Events.php","size":20,"language":"PHP"},{"name":"Version.php","size":12,"language":"PHP"},{"name":"PessimisticLockException.php","size":9,"language":"PHP"},{"name":"EntityNotFoundException.php","size":9,"language":"PHP"},{"name":"TransactionRequiredException.php","size":9,"language":"PHP"},{"name":"NoResultException.php","size":9,"language":"PHP"},{"name":"NonUniqueResultException.php","size":5,"language":"PHP"},{"name":"UnexpectedResultException.php","size":5,"language":"PHP"}],"size":23523}],"size":23523}],"size":23523},{"name":"doctrine-mapping.xsd","size":479,"language":"XSD"},{"name":"docs","children":[{"name":"en","children":[{"name":"make.bat","size":96,"language":"DOS Batch"},{"name":"Makefile","size":70,"language":"make"},{"name":"_exts","children":[{"name":"configurationblock.py","size":54,"language":"Python"}],"size":54},{"name":"conf.py","size":22,"language":"Python"}],"size":242},{"name":"bin","children":[{"name":"generate-docs.sh","size":8,"language":"Bourne Shell"},{"name":"install-dependencies.sh","size":4,"language":"Bourne Shell"}],"size":12}],"size":254},{"name":"bin","children":[{"name":"doctrine-pear.php","size":24,"language":"PHP"},{"name":"doctrine.php","size":21,"language":"PHP"},{"name":"doctrine.bat","size":8,"language":"DOS Batch"}],"size":53}],"size":24309}