{"name":"root","children":[{"name":"ext","children":[{"name":"twig","children":[{"name":"twig.c","size":763,"language":"C"},{"name":"php_twig.h","size":11,"language":"C/C++ Header"},{"name":"config.m4","size":5,"language":"m4"}],"size":779}],"size":779},{"name":"lib","children":[{"name":"Twig","children":[{"name":"Extension","children":[{"name":"Core.php","size":705,"language":"PHP"},{"name":"Sandbox.php","size":73,"language":"PHP"},{"name":"Staging.php","size":62,"language":"PHP"},{"name":"Escaper.php","size":45,"language":"PHP"},{"name":"Debug.php","size":40,"language":"PHP"},{"name":"StringLoader.php","size":31,"language":"PHP"},{"name":"Optimizer.php","size":17,"language":"PHP"}],"size":973},{"name":"Environment.php","size":640,"language":"PHP"},{"name":"ExpressionParser.php","size":462,"language":"PHP"},{"name":"Lexer.php","size":310,"language":"PHP"},{"name":"Node","children":[{"name":"Module.php","size":287,"language":"PHP"},{"name":"Expression","children":[{"name":"Call.php","size":138,"language":"PHP"},{"name":"Name.php","size":66,"language":"PHP"},{"name":"Array.php","size":59,"language":"PHP"},{"name":"GetAttr.php","size":34,"language":"PHP"},{"name":"MethodCall.php","size":29,"language":"PHP"},{"name":"BlockReference.php","size":28,"language":"PHP"},{"name":"Test","children":[{"name":"Defined.php","size":27,"language":"PHP"},{"name":"Sameas.php","size":14,"language":"PHP"},{"name":"Divisibleby.php","size":14,"language":"PHP"},{"name":"Constant.php","size":14,"language":"PHP"},{"name":"Even.php","size":13,"language":"PHP"},{"name":"Odd.php","size":13,"language":"PHP"},{"name":"Null.php","size":12,"language":"PHP"}],"size":107},{"name":"Parent.php","size":25,"language":"PHP"},{"name":"Function.php","size":23,"language":"PHP"},{"name":"Filter.php","size":23,"language":"PHP"},{"name":"Binary.php","size":23,"language":"PHP"},{"name":"Conditional.php","size":20,"language":"PHP"},{"name":"Test.php","size":20,"language":"PHP"},{"name":"Filter","children":[{"name":"Default.php","size":20,"language":"PHP"}],"size":20},{"name":"Binary","children":[{"name":"Power.php","size":18,"language":"PHP"},{"name":"In.php","size":18,"language":"PHP"},{"name":"NotIn.php","size":18,"language":"PHP"},{"name":"Range.php","size":18,"language":"PHP"},{"name":"FloorDiv.php","size":14,"language":"PHP"},{"name":"Or.php","size":8,"language":"PHP"},{"name":"GreaterEqual.php","size":8,"language":"PHP"},{"name":"BitwiseXor.php","size":8,"language":"PHP"},{"name":"Mul.php","size":8,"language":"PHP"},{"name":"Greater.php","size":8,"language":"PHP"},{"name":"Sub.php","size":8,"language":"PHP"},{"name":"Add.php","size":8,"language":"PHP"},{"name":"Equal.php","size":8,"language":"PHP"},{"name":"And.php","size":8,"language":"PHP"},{"name":"BitwiseAnd.php","size":8,"language":"PHP"},{"name":"Div.php","size":8,"language":"PHP"},{"name":"Mod.php","size":8,"language":"PHP"},{"name":"Concat.php","size":8,"language":"PHP"},{"name":"BitwiseOr.php","size":8,"language":"PHP"},{"name":"LessEqual.php","size":8,"language":"PHP"},{"name":"NotEqual.php","size":8,"language":"PHP"},{"name":"Less.php","size":8,"language":"PHP"}],"size":222},{"name":"Unary.php","size":18,"language":"PHP"},{"name":"TempName.php","size":16,"language":"PHP"},{"name":"Constant.php","size":12,"language":"PHP"},{"name":"ExtensionReference.php","size":12,"language":"PHP"},{"name":"AssignName.php","size":12,"language":"PHP"},{"name":"Unary","children":[{"name":"Not.php","size":8,"language":"PHP"},{"name":"Pos.php","size":8,"language":"PHP"},{"name":"Neg.php","size":8,"language":"PHP"}],"size":24}],"size":931},{"name":"For.php","size":75,"language":"PHP"},{"name":"Include.php","size":69,"language":"PHP"},{"name":"Macro.php","size":68,"language":"PHP"},{"name":"Set.php","size":65,"language":"PHP"},{"name":"If.php","size":41,"language":"PHP"},{"name":"SandboxedModule.php","size":37,"language":"PHP"},{"name":"ForLoop.php","size":32,"language":"PHP"},{"name":"Import.php","size":27,"language":"PHP"},{"name":"Sandbox.php","size":26,"language":"PHP"},{"name":"SandboxedPrint.php","size":24,"language":"PHP"},{"name":"SetTemp.php","size":24,"language":"PHP"},{"name":"Block.php","size":21,"language":"PHP"},{"name":"Embed.php","size":20,"language":"PHP"},{"name":"Print.php","size":17,"language":"PHP"},{"name":"Do.php","size":17,"language":"PHP"},{"name":"Spaceless.php","size":17,"language":"PHP"},{"name":"Text.php","size":17,"language":"PHP"},{"name":"Flush.php","size":15,"language":"PHP"},{"name":"BlockReference.php","size":15,"language":"PHP"},{"name":"AutoEscape.php","size":12,"language":"PHP"},{"name":"Body.php","size":4,"language":"PHP"},{"name":"Expression.php","size":4,"language":"PHP"}],"size":1865},{"name":"Parser.php","size":278,"language":"PHP"},{"name":"Template.php","size":226,"language":"PHP"},{"name":"NodeVisitor","children":[{"name":"Optimizer.php","size":145,"language":"PHP"},{"name":"SafeAnalysis.php","size":109,"language":"PHP"},{"name":"Escaper.php","size":107,"language":"PHP"},{"name":"Sandbox.php","size":44,"language":"PHP"}],"size":405},{"name":"Compiler.php","size":137,"language":"PHP"},{"name":"Token.php","size":134,"language":"PHP"},{"name":"Node.php","size":120,"language":"PHP"},{"name":"Loader","children":[{"name":"Filesystem.php","size":118,"language":"PHP"},{"name":"Chain.php","size":81,"language":"PHP"},{"name":"Array.php","size":44,"language":"PHP"},{"name":"String.php","size":20,"language":"PHP"}],"size":263},{"name":"Error.php","size":118,"language":"PHP"},{"name":"Test","children":[{"name":"IntegrationTestCase.php","size":110,"language":"PHP"},{"name":"NodeTestCase.php","size":37,"language":"PHP"},{"name":"Method.php","size":17,"language":"PHP"},{"name":"Node.php","size":17,"language":"PHP"},{"name":"Function.php","size":15,"language":"PHP"}],"size":196},{"name":"Sandbox","children":[{"name":"SecurityPolicy.php","size":88,"language":"PHP"},{"name":"SecurityPolicyInterface.php","size":7,"language":"PHP"},{"name":"SecurityError.php","size":4,"language":"PHP"}],"size":99},{"name":"TokenParser","children":[{"name":"For.php","size":83,"language":"PHP"},{"name":"If.php","size":49,"language":"PHP"},{"name":"Block.php","size":43,"language":"PHP"},{"name":"AutoEscape.php","size":40,"language":"PHP"},{"name":"Include.php","size":36,"language":"PHP"},{"name":"Set.php","size":36,"language":"PHP"},{"name":"Use.php","size":36,"language":"PHP"},{"name":"From.php","size":34,"language":"PHP"},{"name":"Macro.php","size":32,"language":"PHP"},{"name":"Embed.php","size":29,"language":"PHP"},{"name":"Sandbox.php","size":29,"language":"PHP"},{"name":"Filter.php","size":24,"language":"PHP"},{"name":"Spaceless.php","size":20,"language":"PHP"},{"name":"Extends.php","size":20,"language":"PHP"},{"name":"Import.php","size":17,"language":"PHP"},{"name":"Do.php","size":14,"language":"PHP"},{"name":"Flush.php","size":13,"language":"PHP"}],"size":555},{"name":"TokenParserBroker.php","size":76,"language":"PHP"},{"name":"SimpleFilter.php","size":68,"language":"PHP"},{"name":"TokenStream.php","size":67,"language":"PHP"},{"name":"SimpleFunction.php","size":58,"language":"PHP"},{"name":"Filter.php","size":54,"language":"PHP"},{"name":"NodeTraverser.php","size":46,"language":"PHP"},{"name":"Function.php","size":44,"language":"PHP"},{"name":"Extension.php","size":35,"language":"PHP"},{"name":"SimpleTest.php","size":27,"language":"PHP"},{"name":"Markup.php","size":19,"language":"PHP"},{"name":"Autoloader.php","size":18,"language":"PHP"},{"name":"Filter","children":[{"name":"Node.php","size":17,"language":"PHP"},{"name":"Method.php","size":17,"language":"PHP"},{"name":"Function.php","size":15,"language":"PHP"}],"size":49},{"name":"Function","children":[{"name":"Node.php","size":17,"language":"PHP"},{"name":"Method.php","size":17,"language":"PHP"},{"name":"Function.php","size":15,"language":"PHP"}],"size":49},{"name":"Test.php","size":16,"language":"PHP"},{"name":"ExtensionInterface.php","size":13,"language":"PHP"},{"name":"FilterInterface.php","size":12,"language":"PHP"},{"name":"TemplateInterface.php","size":10,"language":"PHP"},{"name":"FunctionInterface.php","size":10,"language":"PHP"},{"name":"TokenParser.php","size":9,"language":"PHP"},{"name":"Error","children":[{"name":"Loader.php","size":8,"language":"PHP"},{"name":"Syntax.php","size":4,"language":"PHP"},{"name":"Runtime.php","size":4,"language":"PHP"}],"size":16},{"name":"TokenParserInterface.php","size":7,"language":"PHP"},{"name":"TokenParserBrokerInterface.php","size":7,"language":"PHP"},{"name":"NodeVisitorInterface.php","size":7,"language":"PHP"},{"name":"NodeInterface.php","size":7,"language":"PHP"},{"name":"LoaderInterface.php","size":7,"language":"PHP"},{"name":"CompilerInterface.php","size":6,"language":"PHP"},{"name":"TestInterface.php","size":5,"language":"PHP"},{"name":"LexerInterface.php","size":5,"language":"PHP"},{"name":"FunctionCallableInterface.php","size":5,"language":"PHP"},{"name":"TestCallableInterface.php","size":5,"language":"PHP"},{"name":"FilterCallableInterface.php","size":5,"language":"PHP"},{"name":"ParserInterface.php","size":5,"language":"PHP"},{"name":"ExistsLoaderInterface.php","size":5,"language":"PHP"},{"name":"NodeOutputInterface.php","size":4,"language":"PHP"}],"size":7557}],"size":7557},{"name":"test","children":[{"name":"Twig","children":[{"name":"Tests","children":[{"name":"TemplateTest.php","size":425,"language":"PHP"},{"name":"escapingTest.php","size":251,"language":"PHP"},{"name":"ExpressionParserTest.php","size":225,"language":"PHP"},{"name":"LexerTest.php","size":212,"language":"PHP"},{"name":"EnvironmentTest.php","size":186,"language":"PHP"},{"name":"Node","children":[{"name":"ForTest.php","size":169,"language":"PHP"},{"name":"ModuleTest.php","size":136,"language":"PHP"},{"name":"SandboxedModuleTest.php","size":124,"language":"PHP"},{"name":"Expression","children":[{"name":"FilterTest.php","size":86,"language":"PHP"},{"name":"FunctionTest.php","size":62,"language":"PHP"},{"name":"TestTest.php","size":41,"language":"PHP"},{"name":"GetAttrTest.php","size":38,"language":"PHP"},{"name":"ConditionalTest.php","size":28,"language":"PHP"},{"name":"NameTest.php","size":27,"language":"PHP"},{"name":"ArrayTest.php","size":27,"language":"PHP"},{"name":"Binary","children":[{"name":"MulTest.php","size":25,"language":"PHP"},{"name":"DivTest.php","size":25,"language":"PHP"},{"name":"ConcatTest.php","size":25,"language":"PHP"},{"name":"FloorDivTest.php","size":25,"language":"PHP"},{"name":"SubTest.php","size":25,"language":"PHP"},{"name":"ModTest.php","size":25,"language":"PHP"},{"name":"AddTest.php","size":25,"language":"PHP"},{"name":"AndTest.php","size":25,"language":"PHP"},{"name":"OrTest.php","size":25,"language":"PHP"}],"size":225},{"name":"Unary","children":[{"name":"NegTest.php","size":22,"language":"PHP"},{"name":"PosTest.php","size":22,"language":"PHP"},{"name":"NotTest.php","size":22,"language":"PHP"}],"size":66},{"name":"ConstantTest.php","size":20,"language":"PHP"},{"name":"AssignNameTest.php","size":20,"language":"PHP"},{"name":"ParentTest.php","size":19,"language":"PHP"},{"name":"PHP53","children":[{"name":"FunctionInclude.php","size":4,"language":"PHP"},{"name":"FilterInclude.php","size":4,"language":"PHP"},{"name":"TestInclude.php","size":4,"language":"PHP"}],"size":12}],"size":671},{"name":"IfTest.php","size":69,"language":"PHP"},{"name":"IncludeTest.php","size":63,"language":"PHP"},{"name":"SetTest.php","size":52,"language":"PHP"},{"name":"MacroTest.php","size":47,"language":"PHP"},{"name":"SandboxTest.php","size":32,"language":"PHP"},{"name":"BlockTest.php","size":29,"language":"PHP"},{"name":"ImportTest.php","size":28,"language":"PHP"},{"name":"SpacelessTest.php","size":27,"language":"PHP"},{"name":"AutoEscapeTest.php","size":23,"language":"PHP"},{"name":"DoTest.php","size":22,"language":"PHP"},{"name":"SandboxedPrintTest.php","size":22,"language":"PHP"},{"name":"BlockReferenceTest.php","size":22,"language":"PHP"},{"name":"PrintTest.php","size":20,"language":"PHP"},{"name":"TextTest.php","size":19,"language":"PHP"}],"size":1575},{"name":"IntegrationTest.php","size":163,"language":"PHP"},{"name":"Extension","children":[{"name":"SandboxTest.php","size":161,"language":"PHP"},{"name":"CoreTest.php","size":86,"language":"PHP"}],"size":247},{"name":"ParserTest.php","size":126,"language":"PHP"},{"name":"ErrorTest.php","size":124,"language":"PHP"},{"name":"NodeVisitor","children":[{"name":"OptimizerTest.php","size":73,"language":"PHP"}],"size":73},{"name":"Loader","children":[{"name":"FilesystemTest.php","size":69,"language":"PHP"},{"name":"ArrayTest.php","size":61,"language":"PHP"},{"name":"ChainTest.php","size":38,"language":"PHP"},{"name":"Fixtures","children":[{"name":"named","children":[{"name":"index.html","size":1,"language":"HTML"}],"size":1},{"name":"normal","children":[{"name":"index.html","size":1,"language":"HTML"}],"size":1},{"name":"normal_bis","children":[{"name":"index.html","size":1,"language":"HTML"}],"size":1},{"name":"named_final","children":[{"name":"index.html","size":1,"language":"HTML"}],"size":1},{"name":"normal_ter","children":[{"name":"index.html","size":1,"language":"HTML"}],"size":1},{"name":"named_bis","children":[{"name":"index.html","size":1,"language":"HTML"}],"size":1},{"name":"named_ter","children":[{"name":"index.html","size":1,"language":"HTML"}],"size":1},{"name":"normal_final","children":[{"name":"index.html","size":1,"language":"HTML"}],"size":1}],"size":8}],"size":176},{"name":"FileCachingTest.php","size":58,"language":"PHP"},{"name":"TokenStreamTest.php","size":47,"language":"PHP"},{"name":"Fixtures","children":[{"name":"filters","children":[{"name":"batch_float.php","size":31,"language":"PHP"}],"size":31},{"name":"errors","children":[{"name":"index.html","size":7,"language":"HTML"},{"name":"base.html","size":1,"language":"HTML"}],"size":8}],"size":39},{"name":"CompilerTest.php","size":19,"language":"PHP"},{"name":"NativeExtensionTest.php","size":16,"language":"PHP"},{"name":"AutoloaderTest.php","size":10,"language":"PHP"}],"size":3972}],"size":3972},{"name":"bootstrap.php","size":3,"language":"PHP"}],"size":3975},{"name":".travis.yml","size":11,"language":"YAML"}],"size":12322}