{"name":"root","children":[{"name":"wp-admin","children":[{"name":"css","children":[{"name":"wp-admin.css","size":7231,"language":"CSS"},{"name":"wp-admin-rtl.css","size":1934,"language":"CSS"},{"name":"colors-classic.css","size":1789,"language":"CSS"},{"name":"colors-fresh.css","size":1708,"language":"CSS"},{"name":"ie.css","size":493,"language":"CSS"},{"name":"customize-controls.css","size":324,"language":"CSS"},{"name":"media.css","size":278,"language":"CSS"},{"name":"install.css","size":225,"language":"CSS"},{"name":"ie-rtl.css","size":166,"language":"CSS"},{"name":"color-picker.css","size":92,"language":"CSS"},{"name":"media-rtl.css","size":66,"language":"CSS"},{"name":"customize-controls-rtl.css","size":56,"language":"CSS"},{"name":"farbtastic.css","size":42,"language":"CSS"},{"name":"color-picker-rtl.css","size":23,"language":"CSS"},{"name":"ie-rtl.min.css","size":1,"language":"CSS"},{"name":"wp-admin.min.css","size":1,"language":"CSS"},{"name":"install.min.css","size":1,"language":"CSS"},{"name":"customize-controls.min.css","size":1,"language":"CSS"},{"name":"customize-controls-rtl.min.css","size":1,"language":"CSS"},{"name":"ie.min.css","size":1,"language":"CSS"},{"name":"media.min.css","size":1,"language":"CSS"},{"name":"colors-classic.min.css","size":1,"language":"CSS"},{"name":"color-picker.min.css","size":1,"language":"CSS"},{"name":"colors-fresh.min.css","size":1,"language":"CSS"},{"name":"media-rtl.min.css","size":1,"language":"CSS"},{"name":"wp-admin-rtl.min.css","size":1,"language":"CSS"},{"name":"color-picker-rtl.min.css","size":1,"language":"CSS"}],"size":14440},{"name":"includes","children":[{"name":"class-pclzip.php","size":2949,"language":"PHP"},{"name":"ajax-actions.php","size":1688,"language":"PHP"},{"name":"media.php","size":1624,"language":"PHP"},{"name":"upgrade.php","size":1246,"language":"PHP"},{"name":"class-wp-upgrader.php","size":1141,"language":"PHP"},{"name":"template.php","size":1126,"language":"PHP"},{"name":"nav-menu.php","size":950,"language":"PHP"},{"name":"dashboard.php","size":936,"language":"PHP"},{"name":"plugin.php","size":887,"language":"PHP"},{"name":"class-wp-posts-list-table.php","size":811,"language":"PHP"},{"name":"post.php","size":799,"language":"PHP"},{"name":"class-ftp.php","size":753,"language":"PHP"},{"name":"meta-boxes.php","size":739,"language":"PHP"},{"name":"schema.php","size":726,"language":"PHP"},{"name":"update-core.php","size":689,"language":"PHP"},{"name":"file.php","size":622,"language":"PHP"},{"name":"screen.php","size":550,"language":"PHP"},{"name":"image-edit.php","size":539,"language":"PHP"},{"name":"continents-cities.php","size":488,"language":"PHP"},{"name":"ms.php","size":487,"language":"PHP"},{"name":"class-wp-list-table.php","size":459,"language":"PHP"},{"name":"class-wp-comments-list-table.php","size":423,"language":"PHP"},{"name":"deprecated.php","size":385,"language":"PHP"},{"name":"misc.php","size":370,"language":"PHP"},{"name":"class-wp-media-list-table.php","size":360,"language":"PHP"},{"name":"class-wp-plugins-list-table.php","size":343,"language":"PHP"},{"name":"class-wp-filesystem-ftpext.php","size":318,"language":"PHP"},{"name":"plugin-install.php","size":285,"language":"PHP"},{"name":"class-wp-ms-sites-list-table.php","size":280,"language":"PHP"},{"name":"export.php","size":279,"language":"PHP"},{"name":"class-wp-filesystem-ssh2.php","size":279,"language":"PHP"},{"name":"class-wp-terms-list-table.php","size":274,"language":"PHP"},{"name":"class-wp-ms-themes-list-table.php","size":271,"language":"PHP"},{"name":"class-wp-theme-install-list-table.php","size":270,"language":"PHP"},{"name":"class-wp-filesystem-ftpsockets.php","size":243,"language":"PHP"},{"name":"class-wp-users-list-table.php","size":238,"language":"PHP"},{"name":"update.php","size":230,"language":"PHP"},{"name":"image.php","size":229,"language":"PHP"},{"name":"class-wp-filesystem-direct.php","size":227,"language":"PHP"},{"name":"user.php","size":219,"language":"PHP"},{"name":"class-ftp-sockets.php","size":207,"language":"PHP"},{"name":"class-wp-ms-users-list-table.php","size":207,"language":"PHP"},{"name":"theme.php","size":182,"language":"PHP"},{"name":"class-wp-plugin-install-list-table.php","size":181,"language":"PHP"},{"name":"class-wp-themes-list-table.php","size":180,"language":"PHP"},{"name":"menu.php","size":175,"language":"PHP"},{"name":"class-wp-importer.php","size":161,"language":"PHP"},{"name":"class-wp-links-list-table.php","size":153,"language":"PHP"},{"name":"widgets.php","size":150,"language":"PHP"},{"name":"bookmark.php","size":148,"language":"PHP"},{"name":"class-ftp-pure.php","size":147,"language":"PHP"},{"name":"class-wp-filesystem-base.php","size":140,"language":"PHP"},{"name":"theme-install.php","size":129,"language":"PHP"},{"name":"import.php","size":115,"language":"PHP"},{"name":"taxonomy.php","size":105,"language":"PHP"},{"name":"comment.php","size":86,"language":"PHP"},{"name":"list-table.php","size":60,"language":"PHP"},{"name":"ms-deprecated.php","size":34,"language":"PHP"},{"name":"admin.php","size":26,"language":"PHP"}],"size":28318},{"name":"js","children":[{"name":"nav-menu.js","size":756,"language":"Javascript"},{"name":"customize-controls.js","size":713,"language":"Javascript"},{"name":"post.js","size":636,"language":"Javascript"},{"name":"wp-fullscreen.js","size":486,"language":"Javascript"},{"name":"edit-comments.js","size":469,"language":"Javascript"},{"name":"image-edit.js","size":458,"language":"Javascript"},{"name":"revisions.js","size":395,"language":"Javascript"},{"name":"common.js","size":326,"language":"Javascript"},{"name":"widgets.js","size":246,"language":"Javascript"},{"name":"inline-edit-post.js","size":230,"language":"Javascript"},{"name":"farbtastic.js","size":190,"language":"Javascript"},{"name":"editor.js","size":172,"language":"Javascript"},{"name":"gallery.js","size":159,"language":"Javascript"},{"name":"postbox.js","size":152,"language":"Javascript"},{"name":"theme.js","size":148,"language":"Javascript"},{"name":"color-picker.js","size":103,"language":"Javascript"},{"name":"media.js","size":102,"language":"Javascript"},{"name":"dashboard.js","size":95,"language":"Javascript"},{"name":"inline-edit-tax.js","size":87,"language":"Javascript"},{"name":"media-upload.js","size":69,"language":"Javascript"},{"name":"user-profile.js","size":65,"language":"Javascript"},{"name":"link.js","size":55,"language":"Javascript"},{"name":"tags.js","size":52,"language":"Javascript"},{"name":"custom-background.js","size":49,"language":"Javascript"},{"name":"theme-preview.js","size":43,"language":"Javascript"},{"name":"comment.js","size":43,"language":"Javascript"},{"name":"plugin-install.js","size":41,"language":"Javascript"},{"name":"post-formats.js","size":40,"language":"Javascript"},{"name":"accordion.js","size":36,"language":"Javascript"},{"name":"custom-header.js","size":36,"language":"Javascript"},{"name":"word-count.js","size":33,"language":"Javascript"},{"name":"revisions-js.php","size":28,"language":"PHP"},{"name":"password-strength-meter.js","size":24,"language":"Javascript"},{"name":"media-gallery.js","size":22,"language":"Javascript"},{"name":"edit-post.js","size":21,"language":"Javascript"},{"name":"set-post-thumbnail.js","size":20,"language":"Javascript"},{"name":"xfn.js","size":16,"language":"Javascript"},{"name":"user-suggest.js","size":13,"language":"Javascript"},{"name":"cat.js","size":5,"language":"Javascript"},{"name":"post.min.js","size":1,"language":"Javascript"},{"name":"nav-menu.min.js","size":1,"language":"Javascript"},{"name":"accordion.min.js","size":1,"language":"Javascript"},{"name":"theme.min.js","size":1,"language":"Javascript"},{"name":"xfn.min.js","size":1,"language":"Javascript"},{"name":"theme-preview.min.js","size":1,"language":"Javascript"},{"name":"tags.min.js","size":1,"language":"Javascript"},{"name":"gallery.min.js","size":1,"language":"Javascript"},{"name":"color-picker.min.js","size":1,"language":"Javascript"},{"name":"password-strength-meter.min.js","size":1,"language":"Javascript"},{"name":"edit-comments.min.js","size":1,"language":"Javascript"},{"name":"inline-edit-tax.min.js","size":1,"language":"Javascript"},{"name":"comment.min.js","size":1,"language":"Javascript"},{"name":"edit-post.min.js","size":1,"language":"Javascript"},{"name":"custom-background.min.js","size":1,"language":"Javascript"},{"name":"wp-fullscreen.min.js","size":1,"language":"Javascript"},{"name":"word-count.min.js","size":1,"language":"Javascript"},{"name":"editor.min.js","size":1,"language":"Javascript"},{"name":"user-profile.min.js","size":1,"language":"Javascript"},{"name":"media-gallery.min.js","size":1,"language":"Javascript"},{"name":"set-post-thumbnail.min.js","size":1,"language":"Javascript"},{"name":"cat.min.js","size":1,"language":"Javascript"},{"name":"media.min.js","size":1,"language":"Javascript"},{"name":"image-edit.min.js","size":1,"language":"Javascript"},{"name":"customize-controls.min.js","size":1,"language":"Javascript"},{"name":"common.min.js","size":1,"language":"Javascript"},{"name":"plugin-install.min.js","size":1,"language":"Javascript"},{"name":"postbox.min.js","size":1,"language":"Javascript"},{"name":"link.min.js","size":1,"language":"Javascript"},{"name":"revisions.min.js","size":1,"language":"Javascript"},{"name":"inline-edit-post.min.js","size":1,"language":"Javascript"},{"name":"media-upload.min.js","size":1,"language":"Javascript"},{"name":"dashboard.min.js","size":1,"language":"Javascript"},{"name":"widgets.min.js","size":1,"language":"Javascript"},{"name":"user-suggest.min.js","size":1,"language":"Javascript"},{"name":"post-formats.min.js","size":1,"language":"Javascript"},{"name":"iris.min.js","size":1,"language":"Javascript"}],"size":6671},{"name":"custom-header.php","size":699,"language":"PHP"},{"name":"press-this.php","size":497,"language":"PHP"},{"name":"nav-menus.php","size":458,"language":"PHP"},{"name":"update-core.php","size":448,"language":"PHP"},{"name":"network.php","size":435,"language":"PHP"},{"name":"edit-form-advanced.php","size":412,"language":"PHP"},{"name":"users.php","size":365,"language":"PHP"},{"name":"plugins.php","size":354,"language":"PHP"},{"name":"user-edit.php","size":351,"language":"PHP"},{"name":"user-new.php","size":334,"language":"PHP"},{"name":"widgets.php","size":321,"language":"PHP"},{"name":"edit-tags.php","size":319,"language":"PHP"},{"name":"custom-background.php","size":294,"language":"PHP"},{"name":"options-general.php","size":272,"language":"PHP"},{"name":"network","children":[{"name":"settings.php","size":264,"language":"PHP"},{"name":"site-users.php","size":255,"language":"PHP"},{"name":"users.php","size":249,"language":"PHP"},{"name":"themes.php","size":221,"language":"PHP"},{"name":"sites.php","size":208,"language":"PHP"},{"name":"site-info.php","size":147,"language":"PHP"},{"name":"site-themes.php","size":141,"language":"PHP"},{"name":"site-settings.php","size":133,"language":"PHP"},{"name":"site-new.php","size":124,"language":"PHP"},{"name":"user-new.php","size":84,"language":"PHP"},{"name":"upgrade.php","size":72,"language":"PHP"},{"name":"menu.php","size":41,"language":"PHP"},{"name":"index.php","size":39,"language":"PHP"},{"name":"edit.php","size":12,"language":"PHP"},{"name":"admin.php","size":12,"language":"PHP"},{"name":"update.php","size":7,"language":"PHP"},{"name":"plugin-install.php","size":7,"language":"PHP"},{"name":"theme-install.php","size":7,"language":"PHP"},{"name":"profile.php","size":5,"language":"PHP"},{"name":"freedoms.php","size":5,"language":"PHP"},{"name":"setup.php","size":5,"language":"PHP"},{"name":"user-edit.php","size":5,"language":"PHP"},{"name":"theme-editor.php","size":5,"language":"PHP"},{"name":"credits.php","size":5,"language":"PHP"},{"name":"plugins.php","size":5,"language":"PHP"},{"name":"plugin-editor.php","size":5,"language":"PHP"},{"name":"update-core.php","size":5,"language":"PHP"},{"name":"about.php","size":5,"language":"PHP"}],"size":2073},{"name":"themes.php","size":257,"language":"PHP"},{"name":"edit.php","size":238,"language":"PHP"},{"name":"options-permalink.php","size":236,"language":"PHP"},{"name":"comment.php","size":226,"language":"PHP"},{"name":"plugin-editor.php","size":213,"language":"PHP"},{"name":"edit-comments.php","size":209,"language":"PHP"},{"name":"options-discussion.php","size":206,"language":"PHP"},{"name":"theme-editor.php","size":204,"language":"PHP"},{"name":"setup-config.php","size":201,"language":"PHP"},{"name":"post.php","size":200,"language":"PHP"},{"name":"upload.php","size":198,"language":"PHP"},{"name":"install.php","size":191,"language":"PHP"},{"name":"update.php","size":174,"language":"PHP"},{"name":"export.php","size":173,"language":"PHP"},{"name":"menu.php","size":171,"language":"PHP"},{"name":"options.php","size":167,"language":"PHP"},{"name":"customize.php","size":158,"language":"PHP"},{"name":"admin.php","size":152,"language":"PHP"},{"name":"options-writing.php","size":149,"language":"PHP"},{"name":"options-reading.php","size":133,"language":"PHP"},{"name":"menu-header.php","size":129,"language":"PHP"},{"name":"edit-form-comment.php","size":121,"language":"PHP"},{"name":"credits.php","size":118,"language":"PHP"},{"name":"about.php","size":117,"language":"PHP"},{"name":"media.php","size":108,"language":"PHP"},{"name":"revision.php","size":108,"language":"PHP"},{"name":"edit-link-form.php","size":105,"language":"PHP"},{"name":"options-media.php","size":103,"language":"PHP"},{"name":"import.php","size":101,"language":"PHP"},{"name":"my-sites.php","size":99,"language":"PHP"},{"name":"admin-header.php","size":98,"language":"PHP"},{"name":"index.php","size":95,"language":"PHP"},{"name":"upgrade.php","size":84,"language":"PHP"},{"name":"maint","children":[{"name":"repair.php","size":84,"language":"PHP"}],"size":84},{"name":"install-helper.php","size":79,"language":"PHP"},{"name":"edit-tag-form.php","size":78,"language":"PHP"},{"name":"link.php","size":77,"language":"PHP"},{"name":"async-upload.php","size":74,"language":"PHP"},{"name":"link-manager.php","size":70,"language":"PHP"},{"name":"load-styles.php","size":70,"language":"PHP"},{"name":"load-scripts.php","size":67,"language":"PHP"},{"name":"theme-install.php","size":60,"language":"PHP"},{"name":"media-new.php","size":60,"language":"PHP"},{"name":"ms-delete-site.php","size":55,"language":"PHP"},{"name":"tools.php","size":54,"language":"PHP"},{"name":"plugin-install.php","size":51,"language":"PHP"},{"name":"admin-ajax.php","size":42,"language":"PHP"},{"name":"link-parse-opml.php","size":39,"language":"PHP"},{"name":"post-new.php","size":36,"language":"PHP"},{"name":"freedoms.php","size":34,"language":"PHP"},{"name":"media-upload.php","size":31,"language":"PHP"},{"name":"admin-footer.php","size":28,"language":"PHP"},{"name":"admin-post.php","size":15,"language":"PHP"},{"name":"link-add.php","size":14,"language":"PHP"},{"name":"user","children":[{"name":"admin.php","size":14,"language":"PHP"},{"name":"menu.php","size":9,"language":"PHP"},{"name":"user-edit.php","size":3,"language":"PHP"},{"name":"profile.php","size":3,"language":"PHP"},{"name":"about.php","size":3,"language":"PHP"},{"name":"freedoms.php","size":3,"language":"PHP"},{"name":"credits.php","size":3,"language":"PHP"},{"name":"index.php","size":3,"language":"PHP"}],"size":41},{"name":"options-head.php","size":6,"language":"PHP"},{"name":"ms-sites.php","size":4,"language":"PHP"},{"name":"moderation.php","size":4,"language":"PHP"},{"name":"ms-users.php","size":4,"language":"PHP"},{"name":"ms-edit.php","size":4,"language":"PHP"},{"name":"ms-upgrade-network.php","size":4,"language":"PHP"},{"name":"ms-themes.php","size":4,"language":"PHP"},{"name":"ms-admin.php","size":4,"language":"PHP"},{"name":"profile.php","size":3,"language":"PHP"},{"name":"upgrade-functions.php","size":3,"language":"PHP"},{"name":"admin-functions.php","size":3,"language":"PHP"},{"name":"ms-options.php","size":3,"language":"PHP"}],"size":63508},{"name":"wp-includes","children":[{"name":"js","children":[{"name":"jquery","children":[{"name":"jquery.js","size":6579,"language":"Javascript"},{"name":"jquery.form.js","size":560,"language":"Javascript"},{"name":"jquery-migrate.js","size":371,"language":"Javascript"},{"name":"suggest.js","size":218,"language":"Javascript"},{"name":"jquery.table-hotkeys.js","size":95,"language":"Javascript"},{"name":"jquery.hotkeys.js","size":84,"language":"Javascript"},{"name":"jquery.schedule.js","size":35,"language":"Javascript"},{"name":"jquery.serialize-object.js","size":14,"language":"Javascript"},{"name":"ui","children":[{"name":"jquery.ui.effect-explode.min.js","size":1,"language":"Javascript"},{"name":"jquery.ui.droppable.min.js","size":1,"language":"Javascript"},{"name":"jquery.ui.effect-transfer.min.js","size":1,"language":"Javascript"},{"name":"jquery.ui.tabs.min.js","size":1,"language":"Javascript"},{"name":"jquery.ui.effect-scale.min.js","size":1,"language":"Javascript"},{"name":"jquery.ui.resizable.min.js","size":1,"language":"Javascript"},{"name":"jquery.ui.effect-pulsate.min.js","size":1,"language":"Javascript"},{"name":"jquery.ui.position.min.js","size":1,"language":"Javascript"},{"name":"jquery.ui.effect-highlight.min.js","size":1,"language":"Javascript"},{"name":"jquery.ui.datepicker.min.js","size":1,"language":"Javascript"},{"name":"jquery.ui.dialog.min.js","size":1,"language":"Javascript"},{"name":"jquery.ui.tooltip.min.js","size":1,"language":"Javascript"},{"name":"jquery.ui.autocomplete.min.js","size":1,"language":"Javascript"},{"name":"jquery.ui.effect-shake.min.js","size":1,"language":"Javascript"},{"name":"jquery.ui.effect.min.js","size":1,"language":"Javascript"},{"name":"jquery.ui.menu.min.js","size":1,"language":"Javascript"},{"name":"jquery.ui.effect-fade.min.js","size":1,"language":"Javascript"},{"name":"jquery.ui.effect-drop.min.js","size":1,"language":"Javascript"},{"name":"jquery.ui.widget.min.js","size":1,"language":"Javascript"},{"name":"jquery.ui.sortable.min.js","size":1,"language":"Javascript"},{"name":"jquery.ui.effect-fold.min.js","size":1,"language":"Javascript"},{"name":"jquery.ui.effect-bounce.min.js","size":1,"language":"Javascript"},{"name":"jquery.ui.accordion.min.js","size":1,"language":"Javascript"},{"name":"jquery.ui.selectable.min.js","size":1,"language":"Javascript"},{"name":"jquery.ui.effect-clip.min.js","size":1,"language":"Javascript"},{"name":"jquery.ui.core.min.js","size":1,"language":"Javascript"},{"name":"jquery.ui.button.min.js","size":1,"language":"Javascript"},{"name":"jquery.ui.slider.min.js","size":1,"language":"Javascript"},{"name":"jquery.ui.effect-blind.min.js","size":1,"language":"Javascript"},{"name":"jquery.ui.mouse.min.js","size":1,"language":"Javascript"},{"name":"jquery.ui.spinner.min.js","size":1,"language":"Javascript"},{"name":"jquery.ui.progressbar.min.js","size":1,"language":"Javascript"},{"name":"jquery.ui.draggable.min.js","size":1,"language":"Javascript"},{"name":"jquery.ui.effect-slide.min.js","size":1,"language":"Javascript"}],"size":34},{"name":"jquery.color.min.js","size":1,"language":"Javascript"},{"name":"jquery.query.js","size":1,"language":"Javascript"},{"name":"jquery.hotkeys.min.js","size":1,"language":"Javascript"},{"name":"jquery.ui.touch-punch.js","size":1,"language":"Javascript"},{"name":"jquery.table-hotkeys.min.js","size":1,"language":"Javascript"},{"name":"jquery.masonry.min.js","size":1,"language":"Javascript"},{"name":"jquery.form.min.js","size":1,"language":"Javascript"},{"name":"suggest.min.js","size":1,"language":"Javascript"}],"size":7998},{"name":"media-views.js","size":2945,"language":"Javascript"},{"name":"tinymce","children":[{"name":"themes","children":[{"name":"advanced","children":[{"name":"editor_template_src.js","size":1089,"language":"Javascript"},{"name":"js","children":[{"name":"charmap.js","size":327,"language":"Javascript"},{"name":"color_picker.js","size":275,"language":"Javascript"},{"name":"image.js","size":194,"language":"Javascript"},{"name":"link.js","size":123,"language":"Javascript"},{"name":"source_editor.js","size":61,"language":"Javascript"},{"name":"about.js","size":52,"language":"Javascript"},{"name":"anchor.js","size":43,"language":"Javascript"}],"size":1075},{"name":"skins","children":[{"name":"o2k7","children":[{"name":"ui.css","size":193,"language":"CSS"},{"name":"dialog.css","size":95,"language":"CSS"},{"name":"content.css","size":44,"language":"CSS"},{"name":"ui_black.css","size":7,"language":"CSS"},{"name":"ui_silver.css","size":4,"language":"CSS"}],"size":343},{"name":"default","children":[{"name":"ui.css","size":190,"language":"CSS"},{"name":"dialog.css","size":95,"language":"CSS"},{"name":"content.css","size":46,"language":"CSS"}],"size":331},{"name":"wp_theme","children":[{"name":"content.css","size":120,"language":"CSS"},{"name":"dialog.css","size":116,"language":"CSS"}],"size":236},{"name":"highcontrast","children":[{"name":"dialog.css","size":83,"language":"CSS"},{"name":"ui.css","size":78,"language":"CSS"},{"name":"content.css","size":23,"language":"CSS"}],"size":184}],"size":1094},{"name":"image.htm","size":78,"language":"HTML"},{"name":"color_picker.htm","size":58,"language":"HTML"},{"name":"link.htm","size":55,"language":"HTML"},{"name":"charmap.htm","size":53,"language":"HTML"},{"name":"about.htm","size":45,"language":"HTML"},{"name":"shortcuts.htm","size":44,"language":"HTML"},{"name":"anchor.htm","size":25,"language":"HTML"},{"name":"source_editor.htm","size":21,"language":"HTML"},{"name":"editor_template.js","size":1,"language":"Javascript"}],"size":3638}],"size":3638},{"name":"plugins","children":[{"name":"media","children":[{"name":"media.htm","size":816,"language":"HTML"},{"name":"editor_plugin_src.js","size":632,"language":"Javascript"},{"name":"js","children":[{"name":"media.js","size":397,"language":"Javascript"},{"name":"embed.js","size":58,"language":"Javascript"}],"size":455},{"name":"css","children":[{"name":"media.css","size":17,"language":"CSS"}],"size":17},{"name":"editor_plugin.js","size":1,"language":"Javascript"}],"size":1921},{"name":"paste","children":[{"name":"editor_plugin_src.js","size":587,"language":"Javascript"},{"name":"js","children":[{"name":"pasteword.js","size":36,"language":"Javascript"},{"name":"pastetext.js","size":27,"language":"Javascript"}],"size":63},{"name":"pastetext.htm","size":22,"language":"HTML"},{"name":"pasteword.htm","size":18,"language":"HTML"},{"name":"editor_plugin.js","size":1,"language":"Javascript"}],"size":691},{"name":"inlinepopups","children":[{"name":"editor_plugin_src.js","size":511,"language":"Javascript"},{"name":"template.htm","size":345,"language":"HTML"},{"name":"skins","children":[{"name":"clearlooks2","children":[{"name":"window.css","size":109,"language":"CSS"}],"size":109}],"size":109},{"name":"editor_plugin.js","size":1,"language":"Javascript"}],"size":966},{"name":"wpeditimage","children":[{"name":"js","children":[{"name":"editimage.js","size":475,"language":"Javascript"},{"name":"editimage.min.js","size":1,"language":"Javascript"}],"size":476},{"name":"css","children":[{"name":"editimage.css","size":367,"language":"CSS"}],"size":367},{"name":"editor_plugin_src.js","size":246,"language":"Javascript"},{"name":"editimage.html","size":245,"language":"HTML"},{"name":"editor_plugin.js","size":1,"language":"Javascript"}],"size":1335},{"name":"spellchecker","children":[{"name":"classes","children":[{"name":"utils","children":[{"name":"JSON.php","size":440,"language":"PHP"},{"name":"Logger.php","size":177,"language":"PHP"}],"size":617},{"name":"GoogleSpell.php","size":104,"language":"PHP"},{"name":"PSpellShell.php","size":66,"language":"PHP"},{"name":"EnchantSpell.php","size":35,"language":"PHP"},{"name":"PSpell.php","size":33,"language":"PHP"},{"name":"SpellChecker.php","size":19,"language":"PHP"}],"size":874},{"name":"editor_plugin_src.js","size":314,"language":"Javascript"},{"name":"rpc.php","size":66,"language":"PHP"},{"name":"includes","children":[{"name":"general.php","size":59,"language":"PHP"}],"size":59},{"name":"config.php","size":10,"language":"PHP"},{"name":"editor_plugin.js","size":1,"language":"Javascript"},{"name":"css","children":[{"name":"content.css","size":1,"language":"CSS"}],"size":1}],"size":1325},{"name":"wordpress","children":[{"name":"editor_plugin_src.js","size":318,"language":"Javascript"},{"name":"editor_plugin.js","size":1,"language":"Javascript"}],"size":319},{"name":"wpdialogs","children":[{"name":"js","children":[{"name":"popup.js","size":203,"language":"Javascript"},{"name":"wpdialog.js","size":18,"language":"Javascript"},{"name":"popup.min.js","size":1,"language":"Javascript"},{"name":"wpdialog.min.js","size":1,"language":"Javascript"}],"size":223},{"name":"editor_plugin_src.js","size":55,"language":"Javascript"},{"name":"editor_plugin.js","size":1,"language":"Javascript"}],"size":279},{"name":"wpfullscreen","children":[{"name":"editor_plugin_src.js","size":130,"language":"Javascript"},{"name":"css","children":[{"name":"wp-fullscreen.css","size":9,"language":"CSS"}],"size":9},{"name":"editor_plugin.js","size":1,"language":"Javascript"}],"size":140},{"name":"wpgallery","children":[{"name":"editor_plugin_src.js","size":119,"language":"Javascript"},{"name":"editor_plugin.js","size":1,"language":"Javascript"}],"size":120},{"name":"wpview","children":[{"name":"editor_plugin_src.js","size":115,"language":"Javascript"},{"name":"editor_plugin.js","size":1,"language":"Javascript"}],"size":116},{"name":"fullscreen","children":[{"name":"editor_plugin_src.js","size":111,"language":"Javascript"},{"name":"fullscreen.htm","size":88,"language":"HTML"},{"name":"editor_plugin.js","size":1,"language":"Javascript"}],"size":200},{"name":"tabfocus","children":[{"name":"editor_plugin_src.js","size":94,"language":"Javascript"},{"name":"editor_plugin.js","size":1,"language":"Javascript"}],"size":95},{"name":"directionality","children":[{"name":"editor_plugin_src.js","size":57,"language":"Javascript"},{"name":"editor_plugin.js","size":1,"language":"Javascript"}],"size":58},{"name":"wplink","children":[{"name":"editor_plugin_src.js","size":37,"language":"Javascript"},{"name":"editor_plugin.js","size":1,"language":"Javascript"}],"size":38}],"size":7603},{"name":"wp-tinymce-schema.js","size":603,"language":"Javascript"},{"name":"langs","children":[{"name":"wp-langs.php","size":518,"language":"PHP"},{"name":"wp-langs-en.js","size":499,"language":"Javascript"}],"size":1017},{"name":"wp-mce-help.php","size":241,"language":"PHP"},{"name":"utils","children":[{"name":"validate.js","size":176,"language":"Javascript"},{"name":"form_utils.js","size":146,"language":"Javascript"},{"name":"mctabs.js","size":111,"language":"Javascript"},{"name":"editable_selects.js","size":48,"language":"Javascript"}],"size":481},{"name":"wp-tinymce.php","size":24,"language":"PHP"},{"name":"mark_loaded_src.js","size":17,"language":"Javascript"},{"name":"tiny_mce.js","size":1,"language":"Javascript"},{"name":"tiny_mce_popup.js","size":1,"language":"Javascript"}],"size":13626},{"name":"swfupload","children":[{"name":"swfupload.js","size":632,"language":"Javascript"},{"name":"handlers.js","size":284,"language":"Javascript"},{"name":"plugins","children":[{"name":"swfupload.speed.js","size":242,"language":"Javascript"},{"name":"swfupload.queue.js","size":67,"language":"Javascript"},{"name":"swfupload.swfobject.js","size":51,"language":"Javascript"},{"name":"swfupload.cookies.js","size":34,"language":"Javascript"}],"size":394},{"name":"swfupload-all.js","size":4,"language":"Javascript"},{"name":"handlers.min.js","size":1,"language":"Javascript"}],"size":1315},{"name":"media-models.js","size":559,"language":"Javascript"},{"name":"imgareaselect","children":[{"name":"jquery.imgareaselect.js","size":535,"language":"Javascript"},{"name":"imgareaselect.css","size":30,"language":"CSS"},{"name":"jquery.imgareaselect.min.js","size":1,"language":"Javascript"}],"size":566},{"name":"crop","children":[{"name":"cropper.js","size":499,"language":"Javascript"},{"name":"cropper.css","size":121,"language":"CSS"}],"size":620},{"name":"quicktags.js","size":475,"language":"Javascript"},{"name":"colorpicker.js","size":460,"language":"Javascript"},{"name":"wplink.js","size":455,"language":"Javascript"},{"name":"media-editor.js","size":455,"language":"Javascript"},{"name":"plupload","children":[{"name":"handlers.js","size":370,"language":"Javascript"},{"name":"wp-plupload.js","size":217,"language":"Javascript"},{"name":"plupload.silverlight.js","size":1,"language":"Javascript"},{"name":"plupload.html4.js","size":1,"language":"Javascript"},{"name":"plupload.flash.js","size":1,"language":"Javascript"},{"name":"plupload.js","size":1,"language":"Javascript"},{"name":"handlers.min.js","size":1,"language":"Javascript"},{"name":"wp-plupload.min.js","size":1,"language":"Javascript"},{"name":"plupload.html5.js","size":1,"language":"Javascript"}],"size":594},{"name":"customize-base.js","size":369,"language":"Javascript"},{"name":"wp-lists.js","size":349,"language":"Javascript"},{"name":"autosave.js","size":279,"language":"Javascript"},{"name":"heartbeat.js","size":276,"language":"Javascript"},{"name":"thickbox","children":[{"name":"thickbox.js","size":265,"language":"Javascript"},{"name":"thickbox.css","size":148,"language":"CSS"}],"size":413},{"name":"admin-bar.js","size":247,"language":"Javascript"},{"name":"wp-pointer.js","size":204,"language":"Javascript"},{"name":"mce-view.js","size":188,"language":"Javascript"},{"name":"json2.js","size":175,"language":"Javascript"},{"name":"tw-sack.js","size":165,"language":"Javascript"},{"name":"shortcode.js","size":162,"language":"Javascript"},{"name":"customize-loader.js","size":117,"language":"Javascript"},{"name":"utils.js","size":107,"language":"Javascript"},{"name":"customize-preview.js","size":102,"language":"Javascript"},{"name":"wp-ajax-response.js","size":61,"language":"Javascript"},{"name":"hoverIntent.js","size":45,"language":"Javascript"},{"name":"comment-reply.js","size":37,"language":"Javascript"},{"name":"backbone.min.js","size":32,"language":"Javascript"},{"name":"jcrop","children":[{"name":"jquery.Jcrop.min.css","size":27,"language":"CSS"},{"name":"jquery.Jcrop.min.js","size":16,"language":"Javascript"}],"size":43},{"name":"wp-list-revisions.js","size":24,"language":"Javascript"},{"name":"template.js","size":17,"language":"Javascript"},{"name":"wplink.min.js","size":1,"language":"Javascript"},{"name":"json2.min.js","size":1,"language":"Javascript"},{"name":"colorpicker.min.js","size":1,"language":"Javascript"},{"name":"quicktags.min.js","size":1,"language":"Javascript"},{"name":"customize-base.min.js","size":1,"language":"Javascript"},{"name":"media-editor.min.js","size":1,"language":"Javascript"},{"name":"mce-view.min.js","size":1,"language":"Javascript"},{"name":"swfobject.js","size":1,"language":"Javascript"},{"name":"shortcode.min.js","size":1,"language":"Javascript"},{"name":"comment-reply.min.js","size":1,"language":"Javascript"},{"name":"wp-list-revisions.min.js","size":1,"language":"Javascript"},{"name":"customize-loader.min.js","size":1,"language":"Javascript"},{"name":"tw-sack.min.js","size":1,"language":"Javascript"},{"name":"autosave.min.js","size":1,"language":"Javascript"},{"name":"wp-lists.min.js","size":1,"language":"Javascript"},{"name":"wp-ajax-response.min.js","size":1,"language":"Javascript"},{"name":"utils.min.js","size":1,"language":"Javascript"},{"name":"media-views.min.js","size":1,"language":"Javascript"},{"name":"hoverIntent.min.js","size":1,"language":"Javascript"},{"name":"admin-bar.min.js","size":1,"language":"Javascript"},{"name":"wp-pointer.min.js","size":1,"language":"Javascript"},{"name":"underscore.min.js","size":1,"language":"Javascript"},{"name":"template.min.js","size":1,"language":"Javascript"},{"name":"media-models.min.js","size":1,"language":"Javascript"},{"name":"customize-preview.min.js","size":1,"language":"Javascript"}],"size":33505},{"name":"class-wp-xmlrpc-server.php","size":3101,"language":"PHP"},{"name":"SimplePie","children":[{"name":"Item.php","size":2414,"language":"PHP"},{"name":"Misc.php","size":1757,"language":"PHP"},{"name":"IRI.php","size":843,"language":"PHP"},{"name":"Enclosure.php","size":816,"language":"PHP"},{"name":"Parse","children":[{"name":"Date.php","size":697,"language":"PHP"}],"size":697},{"name":"Source.php","size":522,"language":"PHP"},{"name":"Decode","children":[{"name":"HTML","children":[{"name":"Entities.php","size":493,"language":"PHP"}],"size":493}],"size":493},{"name":"Sanitize.php","size":418,"language":"PHP"},{"name":"Parser.php","size":319,"language":"PHP"},{"name":"Cache","children":[{"name":"MySQL.php","size":301,"language":"PHP"},{"name":"DB.php","size":76,"language":"PHP"},{"name":"Memcache.php","size":64,"language":"PHP"},{"name":"File.php","size":60,"language":"PHP"},{"name":"Base.php","size":12,"language":"PHP"}],"size":513},{"name":"HTTP","children":[{"name":"Parser.php","size":294,"language":"PHP"}],"size":294},{"name":"File.php","size":230,"language":"PHP"},{"name":"Content","children":[{"name":"Type","children":[{"name":"Sniffer.php","size":225,"language":"PHP"}],"size":225}],"size":225},{"name":"Locator.php","size":220,"language":"PHP"},{"name":"XML","children":[{"name":"Declaration","children":[{"name":"Parser.php","size":220,"language":"PHP"}],"size":220}],"size":220},{"name":"gzdecode.php","size":142,"language":"PHP"},{"name":"Net","children":[{"name":"IPv6.php","size":136,"language":"PHP"}],"size":136},{"name":"Registry.php","size":100,"language":"PHP"},{"name":"Caption.php","size":76,"language":"PHP"},{"name":"Restriction.php","size":50,"language":"PHP"},{"name":"Author.php","size":50,"language":"PHP"},{"name":"Category.php","size":50,"language":"PHP"},{"name":"Credit.php","size":50,"language":"PHP"},{"name":"Cache.php","size":39,"language":"PHP"},{"name":"Copyright.php","size":37,"language":"PHP"},{"name":"Rating.php","size":37,"language":"PHP"},{"name":"Exception.php","size":4,"language":"PHP"},{"name":"Core.php","size":4,"language":"PHP"}],"size":10756},{"name":"post.php","size":2383,"language":"PHP"},{"name":"functions.php","size":2029,"language":"PHP"},{"name":"css","children":[{"name":"editor.css","size":1860,"language":"CSS"},{"name":"media-views.css","size":1361,"language":"CSS"},{"name":"admin-bar.css","size":547,"language":"CSS"},{"name":"jquery-ui-dialog.css","size":245,"language":"CSS"},{"name":"buttons.css","size":217,"language":"CSS"},{"name":"media-views-rtl.css","size":208,"language":"CSS"},{"name":"wp-pointer.css","size":178,"language":"CSS"},{"name":"admin-bar-rtl.css","size":151,"language":"CSS"},{"name":"media-views-rtl.min.css","size":1,"language":"CSS"},{"name":"wp-pointer.min.css","size":1,"language":"CSS"},{"name":"admin-bar.min.css","size":1,"language":"CSS"},{"name":"admin-bar-rtl.min.css","size":1,"language":"CSS"},{"name":"media-views.min.css","size":1,"language":"CSS"},{"name":"editor.min.css","size":1,"language":"CSS"},{"name":"jquery-ui-dialog.min.css","size":1,"language":"CSS"},{"name":"buttons.min.css","size":1,"language":"CSS"}],"size":4775},{"name":"formatting.php","size":1847,"language":"PHP"},{"name":"query.php","size":1846,"language":"PHP"},{"name":"taxonomy.php","size":1700,"language":"PHP"},{"name":"class-simplepie.php","size":1680,"language":"PHP"},{"name":"class-phpmailer.php","size":1566,"language":"PHP"},{"name":"deprecated.php","size":1243,"language":"PHP"},{"name":"link-template.php","size":1158,"language":"PHP"},{"name":"general-template.php","size":1138,"language":"PHP"},{"name":"comment.php","size":1083,"language":"PHP"},{"name":"pluggable.php","size":953,"language":"PHP"},{"name":"ms-functions.php","size":948,"language":"PHP"},{"name":"theme.php","size":889,"language":"PHP"},{"name":"default-widgets.php","size":875,"language":"PHP"},{"name":"class-snoopy.php","size":842,"language":"PHP"},{"name":"kses.php","size":841,"language":"PHP"},{"name":"class-http.php","size":835,"language":"PHP"},{"name":"class-IXR.php","size":819,"language":"PHP"},{"name":"media.php","size":803,"language":"PHP"},{"name":"user.php","size":777,"language":"PHP"},{"name":"post-template.php","size":758,"language":"PHP"},{"name":"rewrite.php","size":747,"language":"PHP"},{"name":"comment-template.php","size":736,"language":"PHP"},{"name":"capabilities.php","size":677,"language":"PHP"},{"name":"widgets.php","size":643,"language":"PHP"},{"name":"class-wp-editor.php","size":641,"language":"PHP"},{"name":"rss.php","size":620,"language":"PHP"},{"name":"wp-db.php","size":604,"language":"PHP"},{"name":"class-wp-theme.php","size":594,"language":"PHP"},{"name":"category-template.php","size":551,"language":"PHP"},{"name":"script-loader.php","size":551,"language":"PHP"},{"name":"class-smtp.php","size":530,"language":"PHP"},{"name":"option.php","size":526,"language":"PHP"},{"name":"class-wp-customize-manager.php","size":518,"language":"PHP"},{"name":"admin-bar.php","size":505,"language":"PHP"},{"name":"class-pop3.php","size":483,"language":"PHP"},{"name":"class-json.php","size":468,"language":"PHP"},{"name":"meta.php","size":459,"language":"PHP"},{"name":"nav-menu.php","size":437,"language":"PHP"},{"name":"ms-blogs.php","size":411,"language":"PHP"},{"name":"class-wp-customize-control.php","size":399,"language":"PHP"},{"name":"media-template.php","size":395,"language":"PHP"},{"name":"load.php","size":357,"language":"PHP"},{"name":"class-wp-admin-bar.php","size":333,"language":"PHP"},{"name":"class-wp.php","size":315,"language":"PHP"},{"name":"nav-menu-template.php","size":305,"language":"PHP"},{"name":"canonical.php","size":299,"language":"PHP"},{"name":"update.php","size":286,"language":"PHP"},{"name":"Text","children":[{"name":"Diff","children":[{"name":"Engine","children":[{"name":"native.php","size":277,"language":"PHP"},{"name":"string.php","size":170,"language":"PHP"},{"name":"shell.php","size":90,"language":"PHP"},{"name":"xdiff.php","size":30,"language":"PHP"}],"size":567},{"name":"Renderer.php","size":149,"language":"PHP"},{"name":"Renderer","children":[{"name":"inline.php","size":98,"language":"PHP"}],"size":98}],"size":814},{"name":"Diff.php","size":231,"language":"PHP"}],"size":1045},{"name":"pomo","children":[{"name":"po.php","size":274,"language":"PHP"},{"name":"translations.php","size":182,"language":"PHP"},{"name":"mo.php","size":176,"language":"PHP"},{"name":"streams.php","size":141,"language":"PHP"},{"name":"entry.php","size":37,"language":"PHP"}],"size":810},{"name":"plugin.php","size":269,"language":"PHP"},{"name":"post-formats.php","size":249,"language":"PHP"},{"name":"class-wp-image-editor-imagick.php","size":243,"language":"PHP"},{"name":"bookmark.php","size":240,"language":"PHP"},{"name":"atomlib.php","size":229,"language":"PHP"},{"name":"default-filters.php","size":207,"language":"PHP"},{"name":"class-wp-image-editor-gd.php","size":201,"language":"PHP"},{"name":"wp-diff.php","size":199,"language":"PHP"},{"name":"class-wp-customize-setting.php","size":195,"language":"PHP"},{"name":"cache.php","size":194,"language":"PHP"},{"name":"feed.php","size":192,"language":"PHP"},{"name":"revision.php","size":191,"language":"PHP"},{"name":"class-wp-walker.php","size":184,"language":"PHP"},{"name":"l10n.php","size":183,"language":"PHP"},{"name":"cron.php","size":180,"language":"PHP"},{"name":"author-template.php","size":172,"language":"PHP"},{"name":"class-phpass.php","size":169,"language":"PHP"},{"name":"ms-load.php","size":158,"language":"PHP"},{"name":"ms-deprecated.php","size":157,"language":"PHP"},{"name":"class-oembed.php","size":156,"language":"PHP"},{"name":"template.php","size":154,"language":"PHP"},{"name":"class.wp-dependencies.php","size":153,"language":"PHP"},{"name":"class.wp-scripts.php","size":143,"language":"PHP"},{"name":"class-wp-image-editor.php","size":126,"language":"PHP"},{"name":"class.wp-styles.php","size":121,"language":"PHP"},{"name":"class-wp-embed.php","size":118,"language":"PHP"},{"name":"category.php","size":117,"language":"PHP"},{"name":"shortcodes.php","size":116,"language":"PHP"},{"name":"bookmark-template.php","size":112,"language":"PHP"},{"name":"locale.php","size":111,"language":"PHP"},{"name":"default-constants.php","size":111,"language":"PHP"},{"name":"ms-settings.php","size":105,"language":"PHP"},{"name":"http.php","size":105,"language":"PHP"},{"name":"functions.wp-scripts.php","size":102,"language":"PHP"},{"name":"theme-compat","children":[{"name":"comments-popup.php","size":101,"language":"PHP"},{"name":"comments.php","size":63,"language":"PHP"},{"name":"sidebar.php","size":61,"language":"PHP"},{"name":"header.php","size":29,"language":"PHP"},{"name":"footer.php","size":19,"language":"PHP"}],"size":273},{"name":"class-feed.php","size":95,"language":"PHP"},{"name":"functions.wp-styles.php","size":82,"language":"PHP"},{"name":"vars.php","size":80,"language":"PHP"},{"name":"class-wp-ajax-response.php","size":74,"language":"PHP"},{"name":"feed-atom-comments.php","size":73,"language":"PHP"},{"name":"ms-default-constants.php","size":71,"language":"PHP"},{"name":"compat.php","size":68,"language":"PHP"},{"name":"pluggable-deprecated.php","size":67,"language":"PHP"},{"name":"class-wp-error.php","size":65,"language":"PHP"},{"name":"class-wp-http-ixr-client.php","size":63,"language":"PHP"},{"name":"feed-rss2-comments.php","size":58,"language":"PHP"},{"name":"ms-files.php","size":52,"language":"PHP"},{"name":"feed-rss2.php","size":51,"language":"PHP"},{"name":"class-wp-customize-section.php","size":49,"language":"PHP"},{"name":"feed-rdf.php","size":47,"language":"PHP"},{"name":"feed-atom.php","size":45,"language":"PHP"},{"name":"post-thumbnail-template.php","size":41,"language":"PHP"},{"name":"template-loader.php","size":40,"language":"PHP"},{"name":"wlwmanifest.xml","size":37,"language":"XML"},{"name":"ms-default-filters.php","size":33,"language":"PHP"},{"name":"feed-rss.php","size":23,"language":"PHP"},{"name":"version.php","size":6,"language":"PHP"},{"name":"rss-functions.php","size":3,"language":"PHP"},{"name":"registration-functions.php","size":2,"language":"PHP"},{"name":"registration.php","size":2,"language":"PHP"}],"size":101557},{"name":"wp-content","children":[{"name":"themes","children":[{"name":"twentyeleven","children":[{"name":"style.css","size":2473,"language":"CSS"},{"name":"colors","children":[{"name":"dark.css","size":505,"language":"CSS"}],"size":505},{"name":"rtl.css","size":435,"language":"CSS"},{"name":"functions.php","size":349,"language":"PHP"},{"name":"inc","children":[{"name":"theme-options.php","size":319,"language":"PHP"},{"name":"widgets.php","size":104,"language":"PHP"},{"name":"theme-options.js","size":40,"language":"Javascript"},{"name":"theme-options.css","size":34,"language":"CSS"},{"name":"theme-customizer.js","size":12,"language":"Javascript"}],"size":509},{"name":"editor-style.css","size":295,"language":"CSS"},{"name":"showcase.php","size":126,"language":"PHP"},{"name":"header.php","size":95,"language":"PHP"},{"name":"content-gallery.php","size":72,"language":"PHP"},{"name":"image.php","size":71,"language":"PHP"},{"name":"content.php","size":68,"language":"PHP"},{"name":"content-quote.php","size":58,"language":"PHP"},{"name":"content-single.php","size":55,"language":"PHP"},{"name":"content-image.php","size":54,"language":"PHP"},{"name":"author.php","size":49,"language":"PHP"},{"name":"comments.php","size":44,"language":"PHP"},{"name":"archive.php","size":41,"language":"PHP"},{"name":"category.php","size":38,"language":"PHP"},{"name":"tag.php","size":38,"language":"PHP"},{"name":"content-status.php","size":34,"language":"PHP"},{"name":"content-aside.php","size":33,"language":"PHP"},{"name":"content-featured.php","size":33,"language":"PHP"},{"name":"content-link.php","size":33,"language":"PHP"},{"name":"search.php","size":31,"language":"PHP"},{"name":"404.php","size":28,"language":"PHP"},{"name":"index.php","size":26,"language":"PHP"},{"name":"sidebar-footer.php","size":26,"language":"PHP"},{"name":"sidebar.php","size":24,"language":"PHP"},{"name":"editor-style-rtl.css","size":18,"language":"CSS"},{"name":"footer.php","size":17,"language":"PHP"},{"name":"js","children":[{"name":"showcase.js","size":17,"language":"Javascript"},{"name":"html5.js","size":5,"language":"Javascript"}],"size":22},{"name":"single.php","size":16,"language":"PHP"},{"name":"content-page.php","size":14,"language":"PHP"},{"name":"content-intro.php","size":12,"language":"PHP"},{"name":"sidebar-page.php","size":12,"language":"PHP"},{"name":"page.php","size":11,"language":"PHP"},{"name":"searchform.php","size":7,"language":"PHP"}],"size":5772},{"name":"twentythirteen","children":[{"name":"style.css","size":2403,"language":"CSS"},{"name":"functions.php","size":268,"language":"PHP"},{"name":"css","children":[{"name":"ie.css","size":176,"language":"CSS"},{"name":"editor-style.css","children":[],"size":0},{"name":"editor-style-rtl.css","children":[],"size":0}],"size":176},{"name":"inc","children":[{"name":"custom-header.php","size":135,"language":"PHP"}],"size":135},{"name":"image.php","size":82,"language":"PHP"},{"name":"js","children":[{"name":"functions.js","size":56,"language":"Javascript"},{"name":"theme-customizer.js","size":17,"language":"Javascript"}],"size":73},{"name":"content.php","size":42,"language":"PHP"},{"name":"header.php","size":42,"language":"PHP"},{"name":"content-gallery.php","size":33,"language":"PHP"},{"name":"archive.php","size":30,"language":"PHP"},{"name":"comments.php","size":30,"language":"PHP"},{"name":"author.php","size":29,"language":"PHP"},{"name":"page.php","size":29,"language":"PHP"},{"name":"content-image.php","size":29,"language":"PHP"},{"name":"content-video.php","size":29,"language":"PHP"},{"name":"content-audio.php","size":26,"language":"PHP"},{"name":"content-link.php","size":25,"language":"PHP"},{"name":"content-chat.php","size":24,"language":"PHP"},{"name":"tag.php","size":23,"language":"PHP"},{"name":"category.php","size":23,"language":"PHP"},{"name":"content-quote.php","size":20,"language":"PHP"},{"name":"taxonomy-post_format.php","size":20,"language":"PHP"},{"name":"search.php","size":20,"language":"PHP"},{"name":"content-aside.php","size":19,"language":"PHP"},{"name":"index.php","size":17,"language":"PHP"},{"name":"404.php","size":17,"language":"PHP"},{"name":"content-none.php","size":16,"language":"PHP"},{"name":"author-bio.php","size":16,"language":"PHP"},{"name":"content-status.php","size":15,"language":"PHP"},{"name":"footer.php","size":14,"language":"PHP"},{"name":"single.php","size":14,"language":"PHP"},{"name":"sidebar.php","size":10,"language":"PHP"},{"name":"sidebar-main.php","size":8,"language":"PHP"},{"name":"searchform.php","size":7,"language":"PHP"},{"name":"rtl.css","children":[],"size":0}],"size":3764},{"name":"twentytwelve","children":[{"name":"style.css","size":1568,"language":"CSS"},{"name":"editor-style.css","size":307,"language":"CSS"},{"name":"css","children":[{"name":"ie.css","size":236,"language":"CSS"}],"size":236},{"name":"functions.php","size":224,"language":"PHP"},{"name":"rtl.css","size":179,"language":"CSS"},{"name":"inc","children":[{"name":"custom-header.php","size":87,"language":"PHP"}],"size":87},{"name":"image.php","size":71,"language":"PHP"},{"name":"content.php","size":54,"language":"PHP"},{"name":"header.php","size":41,"language":"PHP"},{"name":"author.php","size":39,"language":"PHP"},{"name":"js","children":[{"name":"theme-customizer.js","size":39,"language":"Javascript"},{"name":"navigation.js","size":24,"language":"Javascript"},{"name":"html5.js","size":5,"language":"Javascript"}],"size":68},{"name":"index.php","size":36,"language":"PHP"},{"name":"archive.php","size":31,"language":"PHP"},{"name":"comments.php","size":30,"language":"PHP"},{"name":"search.php","size":29,"language":"PHP"},{"name":"category.php","size":24,"language":"PHP"},{"name":"tag.php","size":24,"language":"PHP"},{"name":"editor-style-rtl.css","size":22,"language":"CSS"},{"name":"content-status.php","size":22,"language":"PHP"},{"name":"content-aside.php","size":19,"language":"PHP"},{"name":"content-image.php","size":19,"language":"PHP"},{"name":"content-link.php","size":17,"language":"PHP"},{"name":"single.php","size":17,"language":"PHP"},{"name":"content-page.php","size":17,"language":"PHP"},{"name":"404.php","size":16,"language":"PHP"},{"name":"content-quote.php","size":16,"language":"PHP"},{"name":"sidebar-front.php","size":16,"language":"PHP"},{"name":"page-templates","children":[{"name":"front-page.php","size":16,"language":"PHP"},{"name":"full-width.php","size":11,"language":"PHP"}],"size":27},{"name":"footer.php","size":13,"language":"PHP"},{"name":"page.php","size":12,"language":"PHP"},{"name":"content-none.php","size":11,"language":"PHP"},{"name":"sidebar.php","size":7,"language":"PHP"}],"size":3299},{"name":"twentyten","children":[{"name":"style.css","size":1240,"language":"CSS"},{"name":"editor-style.css","size":290,"language":"CSS"},{"name":"functions.php","size":258,"language":"PHP"},{"name":"rtl.css","size":206,"language":"CSS"},{"name":"loop.php","size":129,"language":"PHP"},{"name":"loop-attachment.php","size":87,"language":"PHP"},{"name":"header.php","size":68,"language":"PHP"},{"name":"loop-single.php","size":43,"language":"PHP"},{"name":"comments.php","size":41,"language":"PHP"},{"name":"sidebar-footer.php","size":40,"language":"PHP"},{"name":"sidebar.php","size":34,"language":"PHP"},{"name":"author.php","size":29,"language":"PHP"},{"name":"archive.php","size":27,"language":"PHP"},{"name":"footer.php","size":25,"language":"PHP"},{"name":"editor-style-rtl.css","size":22,"language":"CSS"},{"name":"search.php","size":22,"language":"PHP"},{"name":"loop-page.php","size":17,"language":"PHP"},{"name":"404.php","size":17,"language":"PHP"},{"name":"category.php","size":17,"language":"PHP"},{"name":"tag.php","size":14,"language":"PHP"},{"name":"single.php","size":11,"language":"PHP"},{"name":"index.php","size":11,"language":"PHP"},{"name":"page.php","size":11,"language":"PHP"},{"name":"attachment.php","size":10,"language":"PHP"},{"name":"onecolumn-page.php","size":10,"language":"PHP"}],"size":2679},{"name":"index.php","size":2,"language":"PHP"}],"size":15516},{"name":"plugins","children":[{"name":"hello.php","size":53,"language":"PHP"}],"size":53},{"name":"index.php","size":1,"language":"PHP"}],"size":15570},{"name":"wp-login.php","size":520,"language":"PHP"},{"name":"wp-signup.php","size":361,"language":"PHP"},{"name":"wp-mail.php","size":165,"language":"PHP"},{"name":"wp-settings.php","size":153,"language":"PHP"},{"name":"readme.html","size":91,"language":"HTML"},{"name":"wp-activate.php","size":85,"language":"PHP"},{"name":"wp-trackback.php","size":73,"language":"PHP"},{"name":"wp-comments-post.php","size":71,"language":"PHP"},{"name":"wp-cron.php","size":59,"language":"PHP"},{"name":"xmlrpc.php","size":43,"language":"PHP"},{"name":"wp-links-opml.php","size":42,"language":"PHP"},{"name":"wp-load.php","size":25,"language":"PHP"},{"name":"wp-config-sample.php","size":21,"language":"PHP"},{"name":"wp-blog-header.php","size":7,"language":"PHP"},{"name":"index.php","size":3,"language":"PHP"}],"size":182354}